{
  "name": "fc660c",
  "vendorId": "0x4853",
  "productId": "0x660C",
  "lighting": "qmk_rgblight",
  "matrix": { "rows": 5, "cols": 16 },
  "layouts": {
    "keymap": [
      [{"c":"#777777"},"1,3",{"c":"#cccccc"},"1,0","1,1","1,2","1,4","1,6","1,7","1,5","1,11","1,8","1,9","1,10","1,12",{"c":"#aaaaaa","w":2},"1,14",{"x":0.5},"1,15"],
      [{"c":"#aaaaaa","w":1.5},"0,3",{"c":"#cccccc"},"0,0","0,1","0,2","0,4","0,6","0,7","0,5","0,11","0,8","0,9","0,10","0,12",{"w":1.5},"0,14",{"x":0.5,"c":"#aaaaaa"},"0,15"],
      [{"w":1.75},"4,3",{"c":"#cccccc"},"4,0","4,1","4,2","4,4","4,6","4,7","4,5","4,11","4,8","4,9","4,10",{"c":"#777777","w":2.25},"4,14"],
      [{"c":"#aaaaaa","w":2.25},"3,3",{"c":"#cccccc"},"3,1","3,2","3,4","3,6","3,7","3,5","3,11","3,8","3,9","3,10",{"c":"#aaaaaa","w":2.25},"3,12",{"c":"#777777"},"3,13"],
      [{"c":"#aaaaaa","w":1.25},"2,3",{"w":1.25},"2,1",{"w":1.25},"2,2",{"c":"#cccccc","w":6},"2,7",{"c":"#aaaaaa","w":1.25},"2,8",{"w":1.25},"2,10",{"w":1.25},"2,12",{"c":"#777777"},"2,14","2,13","2,15"]
    ]
  }
}